country,year,co2,avg_aqi,avg_temperature,climate_risk_index,co2_norm,aqi_norm,temp_norm
Australia,2024,386732380.0,159.62021857923497,1.28,0.003200932180236153,0.01066977393412051,0.0,0.0
Brazil,2024,483011550.0,168.76502732240436,1.28,0.25587595291464416,0.01867258482349054,0.8342472582253233,0.0
China,2024,12289037000.0,162.95355191256832,1.28,0.3912263210368898,1.0,0.30408773678963286,0.0
Egypt,2024,258367860.0,166.06284153005464,1.28,0.176321036889332,0.0,0.5877367896311068,0.0
France,2024,264155620.0,162.16120218579235,1.28,0.06968570101172422,0.0004810837978044512,0.2318045862412763,0.0
India,2024,3193478100.0,170.58196721311475,1.28,0.3731906980196448,0.24396899339881603,1.0,0.0
Japan,2024,961867300.0,169.5983606557377,1.28,0.2906234088914418,0.05847550388207252,0.9102691924227333,0.0
